home_team,away_team,p_home_book,p_draw_book,p_away_book
ADO Den Haag,PSV Eindhoven,0.10302593418055732,0.14782428955896007,0.7491497762604826
Ajax,NEC Nijmegen,0.7203474117061464,0.16220013281404802,0.11745245547980565
Excelsior,Groningen,0.37102527557912446,0.26090309299917563,0.3680716314216999
FC Twente Enschede,FC Utrecht,0.6906935474353365,0.17617394596799127,0.1331325065966722
FC Utrecht,Willem II,0.6318759687486083,0.20399849253377952,0.16412553871761223
FC Zwolle,Go Ahead Eagles,0.3329379202459328,0.24162892230225633,0.42543315745181093
FC Zwolle,SC Cambuur,0.4849639834307714,0.24342106735130056,0.271614949217928
Feyenoord,AZ Alkmaar,0.5182719461463201,0.23809961392350268,0.24362843993017713
Fortuna Sittard,FC Twente Enschede,0.15155715853412066,0.18848702933070502,0.6599558121351743
Go Ahead Eagles,Sparta Rotterdam,0.5393718558457359,0.2312699096286888,0.22935823452557527
Groningen,Ajax,0.24096682382438508,0.2249768646804889,0.534056311495126
Heerenveen,Excelsior,0.5300425036144615,0.23031172298507716,0.23964577340046136
NEC Nijmegen,Fortuna Sittard,0.6365963829306817,0.195929309261505,0.16747430780781336
PSV Eindhoven,Heerenveen,0.7088740618824434,0.15561518537242564,0.13551075274513097
SC Cambuur,AZ Alkmaar,0.13077014216141555,0.17825095304105645,0.690978904797528
SC Telstar,ADO Den Haag,0.4650038922489562,0.252022279692072,0.2829738280589717
SC Telstar,Feyenoord,0.13265380500833068,0.1747726340923245,0.6925735608993447
Sparta Rotterdam,Willem II,0.6035403491128154,0.21449153121863226,0.18196811966855234
